Enlace,Nombre del perfil,Fecha de publicacion,Lugar
https://www.facebook.com/marketplace/item/825660137204886/?ref=search&referral_code=null&referral_story_type=post&tracking=browse_serp%3Ac244b741-8cdf-4ec9-ac2f-9891e67460bf&__tn__=!%3AD,"Gratis
Servicio a domicilio, pintura al mejor precio Comex.!
Poza Rica de Hidalgo, Ver",No detectada,No detectado
https://www.facebook.com/marketplace/item/1613320763654262/?ref=search&referral_code=null&referral_story_type=post&tracking=browse_serp%3Ac244b741-8cdf-4ec9-ac2f-9891e67460bf&__tn__=!%3AD,"MX$4
Conjunto deportivo confeccionado en licra sublimada gruesa Talla 5/9 TOP/LEGGIN PPG
Cuauhtémoc, CDMX",No detectada,No detectado
https://www.facebook.com/marketplace/item/1409107104436638/?ref=search&referral_code=null&referral_story_type=post&tracking=browse_serp%3Ac244b741-8cdf-4ec9-ac2f-9891e67460bf&__tn__=!%3AD,"Gratis
Pintura electroestática
Tlalpan, CDMX",No detectada,No detectado
https://www.facebook.com/marketplace/item/1832628311477988/?ref=search&referral_code=null&referral_story_type=post&tracking=browse_serp%3Ac244b741-8cdf-4ec9-ac2f-9891e67460bf&__tn__=!%3AD,"Gratis
Pintura anti-humedad comex
Poza Rica de Hidalgo, Ver",No detectada,No detectado
https://www.facebook.com/marketplace/item/1008971155310223/?ref=search&referral_code=null&referral_story_type=post&tracking=browse_serp%3Ac244b741-8cdf-4ec9-ac2f-9891e67460bf&__tn__=!%3AD,"Gratis
Pintura anti-humedad Comex
Poza Rica de Hidalgo, Ver",No detectada,No detectado
https://www.facebook.com/marketplace/item/1821865739195332/?ref=search&referral_code=null&referral_story_type=post&tracking=browse_serp%3Ac244b741-8cdf-4ec9-ac2f-9891e67460bf&__tn__=!%3AD,"MX$2.000
CUBETAS COMEX SUPREME PLUS 19L
Naucalpan de Juárez, Edomex",No detectada,No detectado
https://www.facebook.com/marketplace/item/1329929352636668/?ref=search&referral_code=null&referral_story_type=post&tracking=browse_serp%3Af8f73b63-42af-46b2-9ce3-58964871d663&__tn__=!%3AD,"MX$2.800
MX$3.000
Pintura Comex
Coyoacán, CDMX",No detectada,No detectado
https://www.facebook.com/marketplace/item/936281859504147/?ref=search&referral_code=null&referral_story_type=post&tracking=browse_serp%3Af8f73b63-42af-46b2-9ce3-58964871d663&__tn__=!%3AD,"MX$9.500
Pintura Comex
Las Vigas de Ramírez, Ver",No detectada,No detectado
https://www.facebook.com/marketplace/item/1370141625332207/?ref=search&referral_code=null&referral_story_type=post&tracking=browse_serp%3Af8f73b63-42af-46b2-9ce3-58964871d663&__tn__=!%3AD,"MX$170
Plastilina para descontaminar la pintura
Tlaquepaque, Jal",No detectada,No detectado
https://www.facebook.com/marketplace/item/1063500309472299/?ref=search&referral_code=null&referral_story_type=post&tracking=browse_serp%3Af8f73b63-42af-46b2-9ce3-58964871d663&__tn__=!%3AD,"MX$1.400
Pintura Arquitectónica Premium Directo de Fábrica
Toluca de Lerdo, Edomex",No detectada,No detectado
https://www.facebook.com/marketplace/item/2058854121684017/?ref=search&referral_code=null&referral_story_type=post&tracking=browse_serp%3Af8f73b63-42af-46b2-9ce3-58964871d663&__tn__=!%3AD,"MX$1.100
PINTURA COMEX PRO MIL PLUS COLOR BLANC0 $1100 Cubeta 19lts. Cerrada y sellada.
Ecatepec de Morelos, Edomex",No detectada,No detectado
https://www.facebook.com/marketplace/item/27905699649039405/?ref=search&referral_code=null&referral_story_type=post&tracking=browse_serp%3Af8f73b63-42af-46b2-9ce3-58964871d663&__tn__=!%3AD,"MX$500
Kit Pintura y Primer Automotriz - Seymour, Rust-Oleum (4 productos)
Tlalpan, CDMX",No detectada,No detectado
https://www.facebook.com/marketplace/item/1420109589988851/?ref=search&referral_code=null&referral_story_type=post&tracking=browse_serp%3Af8f73b63-42af-46b2-9ce3-58964871d663&__tn__=!%3AD,"Recién publicado
MX$1.000
Pintura Comex vinimex total
Cuauhtémoc, CDMX",No detectada,No detectado
https://www.facebook.com/marketplace/item/4202847026647202/?ref=search&referral_code=null&referral_story_type=post&tracking=browse_serp%3Af8f73b63-42af-46b2-9ce3-58964871d663&__tn__=!%3AD,"MX$750
Pintura Señalamiento High Tech
Cuauhtémoc, CDMX",No detectada,No detectado
https://www.facebook.com/marketplace/item/1802238984350370/?ref=search&referral_code=null&referral_story_type=post&tracking=browse_serp%3A52fe7217-f47a-4d49-8360-b6ef811598d6&__tn__=!%3AD,"MX$170
¡REMATE! Pintura para interior ¡A domicilio!
León, Gto",No detectada,No detectado
https://www.facebook.com/marketplace/item/1056121587375726/?ref=search&referral_code=null&referral_story_type=post&tracking=browse_serp%3A52fe7217-f47a-4d49-8360-b6ef811598d6&__tn__=!%3AD,"MX$1.100
Pintura comex nueva
Tlaquepaque, Jal",No detectada,No detectado
https://www.facebook.com/marketplace/item/880486368464138/?ref=search&referral_code=null&referral_story_type=post&tracking=browse_serp%3A52fe7217-f47a-4d49-8360-b6ef811598d6&__tn__=!%3AD,"MX$750
Pintura Vinilica (pintolin)
San Luis Potosí, SLP",No detectada,No detectado
https://www.facebook.com/marketplace/item/2523953648051376/?ref=search&referral_code=null&referral_story_type=post&tracking=browse_serp%3A52fe7217-f47a-4d49-8360-b6ef811598d6&__tn__=!%3AD,"MX$539
Pinturas polytec
Chimalhuacán, Edomex",No detectada,No detectado
https://www.facebook.com/marketplace/item/1069313315644473/?ref=search&referral_code=null&referral_story_type=post&tracking=browse_serp%3A52fe7217-f47a-4d49-8360-b6ef811598d6&__tn__=!%3AD,"MX$1.024
Pintura textil lote
Chimalhuacán, Edomex",No detectada,No detectado
https://www.facebook.com/marketplace/item/28128628986753240/?ref=search&referral_code=null&referral_story_type=post&tracking=browse_serp%3A52fe7217-f47a-4d49-8360-b6ef811598d6&__tn__=!%3AD,"MX$5.200
⚠️REMATO!!Hermosa Pintura Vintage al Óleo Genuina ""E. Barnett"" Paisaje de Otoño Marco de Ebanistería
San Luis Potosí, SLP",No detectada,No detectado
https://www.facebook.com/marketplace/item/1801022630952945/?ref=search&referral_code=null&referral_story_type=post&tracking=browse_serp%3A52fe7217-f47a-4d49-8360-b6ef811598d6&__tn__=!%3AD,"MX$1.250
Pintura original pouring decorativa
Gustavo A Madero, CDMX",No detectada,No detectado
https://www.facebook.com/marketplace/item/1259924135774074/?ref=search&referral_code=null&referral_story_type=post&tracking=browse_serp%3A52fe7217-f47a-4d49-8360-b6ef811598d6&__tn__=!%3AD,"MX$8.900
Aplicador para pintura
Venustiano Carranza, CDMX",No detectada,No detectado
https://www.facebook.com/marketplace/item/1004466132626457/?ref=search&referral_code=null&referral_story_type=post&tracking=browse_serp%3A52fe7217-f47a-4d49-8360-b6ef811598d6&__tn__=!%3AD,"Gratis
Pinturas de calidad COMEX mejora tu vida
Toluca de Lerdo, Edomex",No detectada,No detectado
https://www.facebook.com/marketplace/item/1078594487827658/?ref=search&referral_code=null&referral_story_type=post&tracking=browse_serp%3A52fe7217-f47a-4d49-8360-b6ef811598d6&__tn__=!%3AD,"MX$350
Pinturas 19 L
Nezahualcóyotl, Edomex",No detectada,No detectado
https://www.facebook.com/marketplace/item/1069266248827136/?ref=search&referral_code=null&referral_story_type=post&tracking=browse_serp%3A52fe7217-f47a-4d49-8360-b6ef811598d6&__tn__=!%3AD,"MX$1.250
Pintura vinilica acrílica ""Sherwin williams"" producto original, se checa al momento $1250
Metepec, Edomex",No detectada,No detectado
https://www.facebook.com/marketplace/item/1732464508009678/?ref=search&referral_code=null&referral_story_type=post&tracking=browse_serp%3Ab6d5d21f-e73a-4474-be1b-b5bbb432042f&__tn__=!%3AD,"MX$6.900
MG laminado y pintura
Zapopan, Jal",No detectada,No detectado
https://www.facebook.com/marketplace/item/1378616664143846/?ref=search&referral_code=null&referral_story_type=post&tracking=browse_serp%3Ab6d5d21f-e73a-4474-be1b-b5bbb432042f&__tn__=!%3AD,"MX$500
🟢⚪🟡PINTURA PARA CASAS INTERIOR Y EXTERIORES VINIL🔴‼️‼️
Teotihuacán de Arista, Edomex",No detectada,No detectado
https://www.facebook.com/marketplace/item/26882179324799848/?ref=search&referral_code=null&referral_story_type=post&tracking=browse_serp%3Ab6d5d21f-e73a-4474-be1b-b5bbb432042f&__tn__=!%3AD,"MX$470
Pintura calidad 3 años 4 litros
Toluca de Lerdo, Edomex",No detectada,No detectado
https://www.facebook.com/marketplace/item/1054976267284871/?ref=search&referral_code=null&referral_story_type=post&tracking=browse_serp%3Ab6d5d21f-e73a-4474-be1b-b5bbb432042f&__tn__=!%3AD,"MX$170
Plastilina para descontaminar la pintura!!
Tlaquepaque, Jal",No detectada,No detectado
https://www.facebook.com/marketplace/item/1289344916698215/?ref=search&referral_code=null&referral_story_type=post&tracking=browse_serp%3Ab6d5d21f-e73a-4474-be1b-b5bbb432042f&__tn__=!%3AD,"MX$1.580
Pintura calidad 3 años 19 litros
Toluca de Lerdo, Edomex",No detectada,No detectado
https://www.facebook.com/marketplace/item/2798887027156776/?ref=search&referral_code=null&referral_story_type=post&tracking=browse_serp%3Ab6d5d21f-e73a-4474-be1b-b5bbb432042f&__tn__=!%3AD,"MX$3.500
Pintura de mecalco
Benito Juárez, CDMX",No detectada,No detectado
https://www.facebook.com/marketplace/item/1713740803173222/?ref=search&referral_code=null&referral_story_type=post&tracking=browse_serp%3Ab6d5d21f-e73a-4474-be1b-b5bbb432042f&__tn__=!%3AD,"MX$900
PINTURA VINIL-ACRÍLICA
Aguascalientes, Ags",No detectada,No detectado
https://www.facebook.com/marketplace/item/2235436383888642/?ref=search&referral_code=null&referral_story_type=post&tracking=browse_serp%3Ab6d5d21f-e73a-4474-be1b-b5bbb432042f&__tn__=!%3AD,"MX$1.199
Pintura vinil acrílica blanca NOVA LUX 19 lts
Ciudad de Villa de Álvarez, Col",No detectada,No detectado
https://www.facebook.com/marketplace/item/26783536154611372/?ref=search&referral_code=null&referral_story_type=post&tracking=browse_serp%3Ab6d5d21f-e73a-4474-be1b-b5bbb432042f&__tn__=!%3AD,"MX$210
Pintura para interior y exterior
León, Gto",No detectada,No detectado
https://www.facebook.com/marketplace/item/1061258930190416/?ref=search&referral_code=null&referral_story_type=post&tracking=browse_serp%3Ab6d5d21f-e73a-4474-be1b-b5bbb432042f&__tn__=!%3AD,"MX$150
Pintura economica
Nezahualcóyotl, Edomex",No detectada,No detectado
https://www.facebook.com/marketplace/item/1701919561057303/?ref=search&referral_code=null&referral_story_type=post&tracking=browse_serp%3Ab6d5d21f-e73a-4474-be1b-b5bbb432042f&__tn__=!%3AD,"MX$2.300
PINTURA VINIL-ACRILICA INTERIORES Y EXTERIORES COMEX VINIMEX
Ecatepec de Morelos, Edomex",No detectada,No detectado
