Enlace,Nombre del perfil,Fecha de publicacion,Lugar
https://www.facebook.com/marketplace/item/886233987774921/?ref=search&referral_code=null&referral_story_type=post&tracking=browse_serp%3A9662b77c-1833-4b37-a74d-e3475f3e5c3c&__tn__=!%3AD,"MX$2.600
Trasparente ppg DC4000
La Cañada, Qro",No detectada,No detectado
https://www.facebook.com/marketplace/item/1003007545431204/?ref=search&referral_code=null&referral_story_type=post&tracking=browse_serp%3A9662b77c-1833-4b37-a74d-e3475f3e5c3c&__tn__=!%3AD,"MX$2.000
Tintas ppg
Santiago de Querétaro, Qro",No detectada,No detectado
https://www.facebook.com/marketplace/item/1999072324011711/?ref=search&referral_code=null&referral_story_type=post&tracking=browse_serp%3A9662b77c-1833-4b37-a74d-e3475f3e5c3c&__tn__=!%3AD,"MX$1.500
esmalte acrilico PPG
Santiago de Querétaro, Qro",No detectada,No detectado
https://www.facebook.com/marketplace/item/2411623835909654/?ref=search&referral_code=null&referral_story_type=post&tracking=browse_serp%3A9662b77c-1833-4b37-a74d-e3475f3e5c3c&__tn__=!%3AD,"MX$470
pasta ppg Df705m
Santiago de Querétaro, Qro",No detectada,No detectado
https://www.facebook.com/marketplace/item/1602481731229473/?ref=search&referral_code=null&referral_story_type=post&tracking=browse_serp%3A9662b77c-1833-4b37-a74d-e3475f3e5c3c&__tn__=!%3AD,"MX$300
Mochila marca ppg nueva $300
Santiago de Querétaro, Qro",No detectada,No detectado
https://www.facebook.com/marketplace/item/1607292767584695/?ref=search&referral_code=null&referral_story_type=post&tracking=browse_serp%3A9662b77c-1833-4b37-a74d-e3475f3e5c3c&__tn__=!%3AD,"MX$2.000
GUITARRA ELÉCTRICA D'ANDRÉ + AMPLIFICADOR PYLE PRO PPG260A
Santiago de Querétaro, Qro",No detectada,No detectado
https://www.facebook.com/marketplace/item/1462149485737014/?ref=search&referral_code=null&referral_story_type=post&tracking=browse_serp%3A7d7be2fe-7696-48f7-b579-c2cf449d8652&__tn__=!%3AD,"MX$850
Pintura PRIMER 🚚 ‼️Secado rápido‼️
Ecatepec de Morelos, Edomex",No detectada,No detectado
https://www.facebook.com/marketplace/item/1042753475251111/?ref=search&referral_code=null&referral_story_type=post&tracking=browse_serp%3A7d7be2fe-7696-48f7-b579-c2cf449d8652&__tn__=!%3AD,"MX$1.400
Pintura secado Rápido de línea
Chimalhuacán, Edomex",No detectada,No detectado
https://www.facebook.com/marketplace/item/2305845343486051/?ref=search&referral_code=null&referral_story_type=post&tracking=browse_serp%3A7d7be2fe-7696-48f7-b579-c2cf449d8652&__tn__=!%3AD,"MX$500
Pintura Plastimex excelente calidad
Jiquipilco, Edomex",No detectada,No detectado
https://www.facebook.com/marketplace/item/1056417093582506/?ref=search&referral_code=null&referral_story_type=post&tracking=browse_serp%3A7d7be2fe-7696-48f7-b579-c2cf449d8652&__tn__=!%3AD,"MX$1.300
LIQUIDACION DE PINTURA , PROMIL PLUS Y VINIMEX TOTAL
Tlalnepantla de Baz, Edomex",No detectada,No detectado
https://www.facebook.com/marketplace/item/1553667012783887/?ref=search&referral_code=null&referral_story_type=post&tracking=browse_serp%3A7d7be2fe-7696-48f7-b579-c2cf449d8652&__tn__=!%3AD,"MX$1.500
Pintura Comex vinimex total antibacterial promil plus bher
Ecatepec de Morelos, Edomex",No detectada,No detectado
https://www.facebook.com/marketplace/item/28113435954927484/?ref=search&referral_code=null&referral_story_type=post&tracking=browse_serp%3A7d7be2fe-7696-48f7-b579-c2cf449d8652&__tn__=!%3AD,"Gratis
Venta de pintura, sellador, Imperniabilizante, Adecom 100% fabricado en Mexico
Cuauhtémoc, CDMX",No detectada,No detectado
https://www.facebook.com/marketplace/item/1329929352636668/?ref=search&referral_code=null&referral_story_type=post&tracking=browse_serp%3A7d7be2fe-7696-48f7-b579-c2cf449d8652&__tn__=!%3AD,"MX$2.800
MX$3.000
Pintura Comex
Coyoacán, CDMX",No detectada,No detectado
https://www.facebook.com/marketplace/item/1375546414535944/?ref=search&referral_code=null&referral_story_type=post&tracking=browse_serp%3A7d7be2fe-7696-48f7-b579-c2cf449d8652&__tn__=!%3AD,"MX$120
Pintura para cara y cuerpo
Naucalpan de Juárez, Edomex",No detectada,No detectado
https://www.facebook.com/marketplace/item/1697591891475515/?ref=search&referral_code=null&referral_story_type=post&tracking=browse_serp%3A7d7be2fe-7696-48f7-b579-c2cf449d8652&__tn__=!%3AD,"MX$1.400
✓PINTURA PARA INTERIOR Y EXTERIOR COMEX TOTALMENTE NUEVA
Cuautitlán Izcalli, Edomex",No detectada,No detectado
https://www.facebook.com/marketplace/item/1518924846169611/?ref=search&referral_code=null&referral_story_type=post&tracking=browse_serp%3A7d7be2fe-7696-48f7-b579-c2cf449d8652&__tn__=!%3AD,"MX$3.000
La Pintura Mural de la Revolución Mexicana
Tres de Mayo, Mor",No detectada,No detectado
https://www.facebook.com/marketplace/item/1663330308008720/?ref=search&referral_code=null&referral_story_type=post&tracking=browse_serp%3A7d7be2fe-7696-48f7-b579-c2cf449d8652&__tn__=!%3AD,"MX$550
PINTURA 100% LAVABLE PLÁSTICA COMEX
Ecatepec de Morelos, Edomex",No detectada,No detectado
https://www.facebook.com/marketplace/item/1349913420643435/?ref=search&referral_code=null&referral_story_type=post&tracking=browse_serp%3A7d7be2fe-7696-48f7-b579-c2cf449d8652&__tn__=!%3AD,"MX$150
Pintura 1litro vinimex
Xalapa de Enríquez, Ver",No detectada,No detectado
https://www.facebook.com/marketplace/item/2230442247754932/?ref=search&referral_code=null&referral_story_type=post&tracking=browse_serp%3A7d7be2fe-7696-48f7-b579-c2cf449d8652&__tn__=!%3AD,"MX$1.500
Pinturas Comex Selladas Vinimex
Nezahualcóyotl, Edomex",No detectada,No detectado
https://www.facebook.com/marketplace/item/1370064045252529/?ref=search&referral_code=null&referral_story_type=post&tracking=browse_serp%3A7d7be2fe-7696-48f7-b579-c2cf449d8652&__tn__=!%3AD,"MX$2.000
Materiales para Hojalateria y Pintura, Estética Automotriz
Cuautla, Mor",No detectada,No detectado
https://www.facebook.com/marketplace/item/1349189280716319/?ref=search&referral_code=null&referral_story_type=post&tracking=browse_serp%3A7d7be2fe-7696-48f7-b579-c2cf449d8652&__tn__=!%3AD,"MX$150
Pintura 1 litro [ vinimex]
Xalapa de Enríquez, Ver",No detectada,No detectado
https://www.facebook.com/marketplace/item/872402852257761/?ref=search&referral_code=null&referral_story_type=post&tracking=browse_serp%3A7d7be2fe-7696-48f7-b579-c2cf449d8652&__tn__=!%3AD,"MX$250
Pintura secado rápido 10 años
Romita, Gto",No detectada,No detectado
https://www.facebook.com/marketplace/item/2088013605452730/?ref=search&referral_code=null&referral_story_type=post&tracking=browse_serp%3A7d7be2fe-7696-48f7-b579-c2cf449d8652&__tn__=!%3AD,"MX$200
Pintura
Santiago de Querétaro, Qro",No detectada,No detectado
https://www.facebook.com/marketplace/item/2869958956701504/?ref=search&referral_code=null&referral_story_type=post&tracking=browse_serp%3A7d7be2fe-7696-48f7-b579-c2cf449d8652&__tn__=!%3AD,"MX$1.260
Pintura PINTUMEX Vinil acrílica para Casa negocio NO BEREL COMEX OAXACA
Oaxaca de Juárez, Oax",No detectada,No detectado
https://www.facebook.com/marketplace/item/2913470325653524/?ref=search&referral_code=null&referral_story_type=post&tracking=browse_serp%3A7d7be2fe-7696-48f7-b579-c2cf449d8652&__tn__=!%3AD,"MX$152
Pintura de calidad Comex.!
Poza Rica de Hidalgo, Ver",No detectada,No detectado
https://www.facebook.com/marketplace/item/3415568708622694/?ref=search&referral_code=null&referral_story_type=post&tracking=browse_serp%3A7d7be2fe-7696-48f7-b579-c2cf449d8652&__tn__=!%3AD,"MX$3.000
Pintura Comex Vinimex Total 19 lt
Iztapalapa, CDMX",No detectada,No detectado
https://www.facebook.com/marketplace/item/825660137204886/?ref=search&referral_code=null&referral_story_type=post&tracking=browse_serp%3A7d7be2fe-7696-48f7-b579-c2cf449d8652&__tn__=!%3AD,"Gratis
Servicio a domicilio, pintura al mejor precio Comex.!
Poza Rica de Hidalgo, Ver",No detectada,No detectado
https://www.facebook.com/marketplace/item/1361833122765786/?ref=search&referral_code=null&referral_story_type=post&tracking=browse_serp%3A88c95c2b-13db-4008-8cee-38d446e55fc9&__tn__=!%3AD,"MX$30
Pintura politec
Tixtla de Guerrero, Gro",No detectada,No detectado
https://www.facebook.com/marketplace/item/1035897516009154/?ref=search&referral_code=null&referral_story_type=post&tracking=browse_serp%3A88c95c2b-13db-4008-8cee-38d446e55fc9&__tn__=!%3AD,"MX$525
Pintura Blanca Lavable 8 años
San Francisco Coacalco, Edomex",No detectada,No detectado
https://www.facebook.com/marketplace/item/1597234601924484/?ref=search&referral_code=null&referral_story_type=post&tracking=browse_serp%3A88c95c2b-13db-4008-8cee-38d446e55fc9&__tn__=!%3AD,"MX$75
PINTURA ACRÍLICA 250ml POLITEC
Ixtapaluca, Edomex",No detectada,No detectado
https://www.facebook.com/marketplace/item/1642194850888143/?ref=search&referral_code=null&referral_story_type=post&tracking=browse_serp%3A88c95c2b-13db-4008-8cee-38d446e55fc9&__tn__=!%3AD,"Recién publicado
MX$25.000
Pintura para carro $$$
Pachuca de Soto, Hgo",No detectada,No detectado
https://www.facebook.com/marketplace/item/27747129438251822/?ref=search&referral_code=null&referral_story_type=post&tracking=browse_serp%3A88c95c2b-13db-4008-8cee-38d446e55fc9&__tn__=!%3AD,"MX$2.800
Pintura blanca berelinte
Ciudad Victoria, Tamps",No detectada,No detectado
https://www.facebook.com/marketplace/item/1371582704907349/?ref=search&referral_code=null&referral_story_type=post&tracking=browse_serp%3A88c95c2b-13db-4008-8cee-38d446e55fc9&__tn__=!%3AD,"MX$300
PINTURA VINIL ACRÍLICA 18 LTS YEN KOLOR Y REAL LUX $300 ECATEPEC
Ecatepec de Morelos, Edomex",No detectada,No detectado
https://www.facebook.com/marketplace/item/1720887849154225/?ref=search&referral_code=null&referral_story_type=post&tracking=browse_serp%3A88c95c2b-13db-4008-8cee-38d446e55fc9&__tn__=!%3AD,"MX$2.399
Pintura acrílica
Morelia, Mich",No detectada,No detectado
https://www.facebook.com/marketplace/item/2465520180627426/?ref=search&referral_code=null&referral_story_type=post&tracking=browse_serp%3A88c95c2b-13db-4008-8cee-38d446e55fc9&__tn__=!%3AD,"MX$750
🎨❤️‍🩹🥹 HOJALATERIA Y PINTURA 🎨🎨🎨
Puebla, Pue",No detectada,No detectado
https://www.facebook.com/marketplace/item/863565026834457/?ref=search&referral_code=null&referral_story_type=post&tracking=browse_serp%3A88c95c2b-13db-4008-8cee-38d446e55fc9&__tn__=!%3AD,"MX$1.100
Pintura COMEX NUEVAS (color vainilla )
Guadalajara, Jal",No detectada,No detectado
https://www.facebook.com/marketplace/item/1745553706473750/?ref=search&referral_code=null&referral_story_type=post&tracking=browse_serp%3A88c95c2b-13db-4008-8cee-38d446e55fc9&__tn__=!%3AD,"MX$450
Pinturas ebenezer
Chalco de Díaz Covarrubias, Edomex",No detectada,No detectado
https://www.facebook.com/marketplace/item/1266527412153236/?ref=search&referral_code=null&referral_story_type=post&tracking=browse_serp%3A88c95c2b-13db-4008-8cee-38d446e55fc9&__tn__=!%3AD,"MX$15
Pintura acrílica Politec
Pachuca de Soto, Hgo",No detectada,No detectado
https://www.facebook.com/marketplace/item/1056121587375726/?ref=search&referral_code=null&referral_story_type=post&tracking=browse_serp%3A88c95c2b-13db-4008-8cee-38d446e55fc9&__tn__=!%3AD,"MX$1.100
Pintura comex nueva
Tlaquepaque, Jal",No detectada,No detectado
https://www.facebook.com/marketplace/item/1351535843753968/?ref=search&referral_code=null&referral_story_type=post&tracking=browse_serp%3A88c95c2b-13db-4008-8cee-38d446e55fc9&__tn__=!%3AD,"MX$380
Pintura tipo madera hidrografia
Gustavo A Madero, CDMX",No detectada,No detectado
https://www.facebook.com/marketplace/item/1356974903119428/?ref=search&referral_code=null&referral_story_type=post&tracking=browse_serp%3A88c95c2b-13db-4008-8cee-38d446e55fc9&__tn__=!%3AD,"MX$600
MX$800
pintura automotiva secado rapido Sherwin williams pintura 20 lts+complemento catalizador+ diluyente
Ecatepec de Morelos, Edomex",No detectada,No detectado
https://www.facebook.com/marketplace/item/1737190977621596/?ref=search&referral_code=null&referral_story_type=post&tracking=browse_serp%3A88c95c2b-13db-4008-8cee-38d446e55fc9&__tn__=!%3AD,"MX$350
Pintura efecto madera hidrografia
Gustavo A Madero, CDMX",No detectada,No detectado
https://www.facebook.com/marketplace/item/4075271285939411/?ref=search&referral_code=null&referral_story_type=post&tracking=browse_serp%3A88c95c2b-13db-4008-8cee-38d446e55fc9&__tn__=!%3AD,"MX$150
Pintura promo
Nezahualcóyotl, Edomex",No detectada,No detectado
https://www.facebook.com/marketplace/item/1047348101210322/?ref=search&referral_code=null&referral_story_type=post&tracking=browse_serp%3A88c95c2b-13db-4008-8cee-38d446e55fc9&__tn__=!%3AD,"MX$750
Pintura marca pintolin
San Luis Potosí, SLP",No detectada,No detectado
https://www.facebook.com/marketplace/item/1648077283158905/?ref=search&referral_code=null&referral_story_type=post&tracking=browse_serp%3A88c95c2b-13db-4008-8cee-38d446e55fc9&__tn__=!%3AD,"MX$12
hojalateria y pintura automotriz
Ecatepec de Morelos, Edomex",No detectada,No detectado
https://www.facebook.com/marketplace/item/1588077182853010/?ref=search&referral_code=null&referral_story_type=post&tracking=browse_serp%3A88c95c2b-13db-4008-8cee-38d446e55fc9&__tn__=!%3AD,"MX$1.900
Pintura modernista.
Puerto Vallarta, Jal",No detectada,No detectado
https://www.facebook.com/marketplace/item/1053160050701117/?ref=search&referral_code=null&referral_story_type=post&tracking=browse_serp%3A88c95c2b-13db-4008-8cee-38d446e55fc9&__tn__=!%3AD,"MX$150
Pinturas personalizadas
Ciudad López Mateos, Edomex",No detectada,No detectado
https://www.facebook.com/marketplace/item/1717365889476972/?ref=search&referral_code=null&referral_story_type=post&tracking=browse_serp%3A88c95c2b-13db-4008-8cee-38d446e55fc9&__tn__=!%3AD,"MX$850
Pintura en lámina de cobre
Guadalajara, Jal",No detectada,No detectado
https://www.facebook.com/marketplace/item/2251340625629621/?ref=search&referral_code=null&referral_story_type=post&tracking=browse_serp%3A5fb09ce0-82bf-41ea-a856-f37514f3a107&__tn__=!%3AD,"MX$1.800
Pintura blanca 19 lt
Iztacalco, CDMX",No detectada,No detectado
https://www.facebook.com/marketplace/item/1417097930472297/?ref=search&referral_code=null&referral_story_type=post&tracking=browse_serp%3A5fb09ce0-82bf-41ea-a856-f37514f3a107&__tn__=!%3AD,"MX$750
Pintura
San Luis Potosí, SLP",No detectada,No detectado
https://www.facebook.com/marketplace/item/3617322645108650/?ref=search&referral_code=null&referral_story_type=post&tracking=browse_serp%3A5fb09ce0-82bf-41ea-a856-f37514f3a107&__tn__=!%3AD,"MX$1.999
Pintura blanco Ostion
Morelia, Mich",No detectada,No detectado
https://www.facebook.com/marketplace/item/1539240443965680/?ref=search&referral_code=null&referral_story_type=post&tracking=browse_serp%3A5fb09ce0-82bf-41ea-a856-f37514f3a107&__tn__=!%3AD,"MX$1.300
❗❗ PROMOCIÓN DE PINTURA VINILICA PARA INTERIOR Y EXTERIOR LAVABLE ❗❗🏡🏠🌸
Nezahualcóyotl, Edomex",No detectada,No detectado
https://www.facebook.com/marketplace/item/2310329456445822/?ref=search&referral_code=null&referral_story_type=post&tracking=browse_serp%3A5fb09ce0-82bf-41ea-a856-f37514f3a107&__tn__=!%3AD,"MX$500
🔹 PINTURA PARA CASAS INTERIOR Y EXTERIORES VINIL ACRÍLICA ✅
Cuautitlán Izcalli, Edomex",No detectada,No detectado
https://www.facebook.com/marketplace/item/1260437699462374/?ref=search&referral_code=null&referral_story_type=post&tracking=browse_serp%3A5fb09ce0-82bf-41ea-a856-f37514f3a107&__tn__=!%3AD,"MX$450
MX$480
Pintura Yen Kolor (vinil-acrílica, interiores/exteriores) 18 litros
Ecatepec de Morelos, Edomex",No detectada,No detectado
https://www.facebook.com/marketplace/item/1527403461965377/?ref=search&referral_code=null&referral_story_type=post&tracking=browse_serp%3A5fb09ce0-82bf-41ea-a856-f37514f3a107&__tn__=!%3AD,"MX$295
💲295.00 PINTURA VINIL-ACRILICA DE 4 LTS PARA EXTERIOR-INTERIOR MARCA DOAL LÍNEA CORONEL
Tampico, Tamps",No detectada,No detectado
https://www.facebook.com/marketplace/item/1631626991420765/?ref=search&referral_code=null&referral_story_type=post&tracking=browse_serp%3A5fb09ce0-82bf-41ea-a856-f37514f3a107&__tn__=!%3AD,"MX$1
Pintura 19 Lts. Por Mayoreo
Chilpancingo de los Bravo, Gro",No detectada,No detectado
https://www.facebook.com/marketplace/item/28128628986753240/?ref=search&referral_code=null&referral_story_type=post&tracking=browse_serp%3A5fb09ce0-82bf-41ea-a856-f37514f3a107&__tn__=!%3AD,"MX$5.200
⚠️REMATO!!Hermosa Pintura Vintage al Óleo Genuina ""E. Barnett"" Paisaje de Otoño Marco de Ebanistería
San Luis Potosí, SLP",No detectada,No detectado
https://www.facebook.com/marketplace/item/2798887027156776/?ref=search&referral_code=null&referral_story_type=post&tracking=browse_serp%3A5fb09ce0-82bf-41ea-a856-f37514f3a107&__tn__=!%3AD,"MX$3.500
Pintura de mecalco
Benito Juárez, CDMX",No detectada,No detectado
https://www.facebook.com/marketplace/item/1713740803173222/?ref=search&referral_code=null&referral_story_type=post&tracking=browse_serp%3A5fb09ce0-82bf-41ea-a856-f37514f3a107&__tn__=!%3AD,"MX$900
PINTURA VINIL-ACRÍLICA
Aguascalientes, Ags",No detectada,No detectado
https://www.facebook.com/marketplace/item/2042989929627430/?ref=search&referral_code=null&referral_story_type=post&tracking=browse_serp%3A5fb09ce0-82bf-41ea-a856-f37514f3a107&__tn__=!%3AD,"MX$250
Pinturas acrílicas
Zacatecas, Zac",No detectada,No detectado
https://www.facebook.com/marketplace/item/995963520156182/?ref=search&referral_code=null&referral_story_type=post&tracking=browse_serp%3A5fb09ce0-82bf-41ea-a856-f37514f3a107&__tn__=!%3AD,"Gratis
Barata De Pinturas Comex Nuevas
Toluca de Lerdo, Edomex",No detectada,No detectado
https://www.facebook.com/marketplace/item/1820362932464556/?ref=search&referral_code=null&referral_story_type=post&tracking=browse_serp%3A5fb09ce0-82bf-41ea-a856-f37514f3a107&__tn__=!%3AD,"MX$698
🔥Pintura Vinilica Blanca Exteriores e Interiores 🔵🟡🟠🟢
Guadalajara, Jal",No detectada,No detectado
https://www.facebook.com/marketplace/item/978223305222777/?ref=search&referral_code=null&referral_story_type=post&tracking=browse_serp%3A5fb09ce0-82bf-41ea-a856-f37514f3a107&__tn__=!%3AD,"MX$450
Tienda de pinturas alvamex Eben-ezer Chalco
Chalco de Díaz Covarrubias, Edomex",No detectada,No detectado
https://www.facebook.com/marketplace/item/1725095192041631/?ref=search&referral_code=null&referral_story_type=post&tracking=browse_serp%3A5fb09ce0-82bf-41ea-a856-f37514f3a107&__tn__=!%3AD,"Recién publicado
MX$1.390
Pintura silber
Manzanillo, Col",No detectada,No detectado
